-- phpMyAdmin SQL Dump
-- version 4.6.6
-- https://www.phpmyadmin.net/
--
-- 主機: localhost
-- 產生時間： 2026-03-10 09:05:06
-- 伺服器版本: 5.7.17-log
-- PHP 版本： 5.6.30

SET SQL_MODE = "NO_AUTO_VALUE_ON_ZERO";
SET time_zone = "+00:00";


/*!40101 SET @OLD_CHARACTER_SET_CLIENT=@@CHARACTER_SET_CLIENT */;
/*!40101 SET @OLD_CHARACTER_SET_RESULTS=@@CHARACTER_SET_RESULTS */;
/*!40101 SET @OLD_COLLATION_CONNECTION=@@COLLATION_CONNECTION */;
/*!40101 SET NAMES utf8mb4 */;

--
-- 資料庫： `university`
--

-- --------------------------------------------------------

--
-- 資料表結構 `course`
--

CREATE TABLE `course` (
  `course_id` varchar(7) DEFAULT NULL,
  `title` varchar(50) DEFAULT NULL,
  `dept_name` varchar(20) DEFAULT NULL,
  `credits` decimal(2,0) DEFAULT NULL
) ENGINE=InnoDB DEFAULT CHARSET=utf8;

--
-- 資料表的匯出資料 `course`
--

INSERT INTO `course` (`course_id`, `title`, `dept_name`, `credits`) VALUES
('BIO-101', 'Intro. to Biology', 'Biology', '4'),
('BIO-301', 'Genetics', 'Biology', '4'),
('BIO-399', 'Computational Biology', 'Biology', '3'),
('CS-101', 'Intro. to Computer Science ', 'Comp. Sci.', '4'),
('CS-190', 'Game Design', 'Comp. Sci.', '4'),
('CS-315', 'Robotics', 'Comp. Sci.', '3'),
('CS-319', 'Image Processing', 'Comp. Sci.', '3'),
('CS-347', 'Database System Concepts', 'Comp. Sci.', '3'),
('EE-181', 'Intro. to Digital Systems', 'Elec. Eng.', '3'),
('FIN-201', 'Investment Banking', 'Finance', '3'),
('HIS-351', 'World History', 'History', '3'),
('MU-199', 'Music Video Production', 'Music', '3'),
('PHY-101', 'Physical Principles', 'Physics', '4');

-- --------------------------------------------------------

--
-- 資料表結構 `instructor`
--

CREATE TABLE `instructor` (
  `ID` varchar(5) DEFAULT NULL,
  `name` varchar(20) NOT NULL,
  `dept_name` varchar(20) DEFAULT NULL,
  `salary` decimal(8,0) DEFAULT NULL
) ENGINE=InnoDB DEFAULT CHARSET=utf8;

--
-- 資料表的匯出資料 `instructor`
--

INSERT INTO `instructor` (`ID`, `name`, `dept_name`, `salary`) VALUES
('10101', 'Srinivasan', 'Comp. Sci.', '65000'),
('12121', 'Wu', 'Finance', '90000'),
('15151', 'Mozart', 'Music', '40000'),
('22222', 'Einstein', 'Physics', '95000'),
('32343', 'EI Said', 'History', '60000'),
('33456', 'Gold', 'Physics', '87000'),
('45565', 'Katz', 'Comp. Sci,', '75000'),
('58583', 'Califieri', 'History', '62000'),
('76543', 'Singh', 'Finance', '80000'),
('76766', 'Crick', 'Biology', '72000'),
('83821', 'Brandt', 'Comp. Sci.', '92000'),
('98345', 'Kim', 'Elec. Eng.', '80000');

-- --------------------------------------------------------

--
-- 資料表結構 `teaches`
--

CREATE TABLE `teaches` (
  `ID` varchar(5) DEFAULT NULL,
  `course_id` varchar(8) DEFAULT NULL,
  `sec_id` varchar(8) DEFAULT NULL,
  `semester` varchar(6) DEFAULT NULL,
  `year` decimal(4,0) DEFAULT NULL
) ENGINE=InnoDB DEFAULT CHARSET=utf8;

--
-- 資料表的匯出資料 `teaches`
--

INSERT INTO `teaches` (`ID`, `course_id`, `sec_id`, `semester`, `year`) VALUES
('10101', 'CS-101', '1', 'Fall', '2009'),
('10101', 'CS-315', '1', 'Spring', '2010'),
('10101', 'CS-347', '1', 'Fall', '2009'),
('12121', 'FIN-201', '1', 'Spring', '2010'),
('15151', 'MU-199', '1', 'Spring', '2010'),
('22222', 'PHY-101', '1', 'Fall', '2009'),
('32343', 'HIS-351', '1', 'Spring', '2010'),
('45565', 'CS-101', '1', 'Spring', '2010'),
('45565', 'CS-319', '1', 'Spring', '2010'),
('76766', 'BIO-101', '1', 'Summer', '2009'),
('76766', 'BIO-301', '1', 'Summer', '2010'),
('83821', 'CS-190', '1', 'Spring', '2009'),
('83821', 'CS-109', '2', 'Spring', '2009'),
('83821', 'CS-319', '2', 'Spring', '2010'),
('98345', 'EE-181', '1', 'Spring', '2009');

/*!40101 SET CHARACTER_SET_CLIENT=@OLD_CHARACTER_SET_CLIENT */;
/*!40101 SET CHARACTER_SET_RESULTS=@OLD_CHARACTER_SET_RESULTS */;
/*!40101 SET COLLATION_CONNECTION=@OLD_COLLATION_CONNECTION */;
